id_ticket;id_persona;id_autonomo;nombre;telefono;fecha_reserva;hora_reserva;status;producto;precio;created_at
0M0JN75D;ZIBGR35G;sara1234;Johnathan;5051645434;9/13/2024;13:46:00;registrado;Embarazo Premium;250;11/27/2024
64E09A9S;D13K5ER1;sara1234;Stephan;1528362041;1/31/2025;13:32:00;registrado;Embarazo Premium;250;8/21/2024
134T6O5U;2K7HO39L;sara1234;Mahalia;2927875469;9/7/2024;12:10:00;registrado;Embarazo en Estudio;180;4/1/2025
A7RI7E6J;B7QS2T32;sara1234;Moore;2932011201;9/16/2024;10:30:00;registrado;Embarazo Basic;150;4/14/2025
C39ZR4Z1;C1XW3451;sara1234;Phyllys;2821258118;9/30/2024;13:50:00;registrado;Embarazo Basic;150;11/2/2024
3SB36GN3;UAQ36596;sara1234;Keriann;4528654314;3/8/2025;16:39:00;registrado;Embarazo en Estudio;180;6/30/2024
INLIVUD7;FNLK0G3A;sara1234;Chiquia;8381678916;11/10/2024;10:11:00;registrado;Embarazo en Estudio;180;11/21/2024
UY3WWZR2;FL6K4XPG;sara1234;Gaston;2624040338;2/13/2024;14:07:00;registrado;Embarazo Basic;150;7/15/2024
02AS53PB;R129O10L;sara1234;Artus;5358567758;3/20/2024;9:10:00;registrado;Embarazo Premium;250;3/20/2025
8LQ6BD19;2S9H9MHH;sara1234;Conny;7632222342;1/19/2024;12:20:00;registrado;Embarazo Premium;250;1/20/2025
W0MI7559;F1PYV511;sara1234;Jenelle;1391349263;3/25/2024;15:41:00;registrado;Embarazo Medium;180;5/2/2025
1Q9Z638I;3B1PJFI8;sara1234;Sileas;1187228609;2/19/2024;14:23:00;registrado;Embarazo Basic;150;1/8/2025
EK1R13C2;L6IB6963;sara1234;Daryle;7341601026;1/22/2025;15:14:00;registrado;Embarazo Premium;250;8/11/2024
ER553KR6;VMU90H71;sara1234;Codie;4245826702;1/30/2025;14:30:00;registrado;Embarazo en Estudio;180;2/4/2025
W2G8NLZL;V1XP17R0;sara1234;Yves;3477715585;6/20/2024;15:05:00;registrado;Embarazo Premium;250;2/17/2025
559L2NHC;T9233P4R;sara1234;Berkley;1059321391;5/5/2025;14:43:00;registrado;Embarazo Basic;150;1/5/2025
14F0Y2AX;0J1U2037;sara1234;Lee;1799993871;6/17/2024;10:19:00;registrado;Embarazo en Estudio;180;2/7/2025
3NW167I9;69Z3XMIO;sara1234;Arline;3037132704;12/28/2024;11:29:00;registrado;Embarazo en Estudio;180;3/11/2025
D7VUT46B;VKSKN9CZ;sara1234;Melessa;5326635972;9/27/2024;12:44:00;registrado;Embarazo en Estudio;180;7/29/2024
YN512TL5;RB6D1D2O;sara1234;Jessie;8806510738;10/16/2024;10:38:00;registrado;Embarazo Medium;180;11/10/2024
RKZ7A63T;J65XR25D;sara1234;Beret;3992139519;10/2/2024;16:57:00;registrado;Embarazo Basic;150;4/25/2025
SRWTZ2AP;CJ0738K8;sara1234;Sorcha;9705867915;5/3/2024;10:25:00;registrado;Embarazo Premium;250;7/20/2024
3G859883;OS10ORG2;sara1234;Jillie;3276634902;1/16/2025;9:06:00;registrado;Embarazo Premium;250;8/12/2024
51E1B77P;5DW0K9KI;sara1234;Stuart;6978015429;6/18/2024;14:46:00;registrado;Embarazo Premium;250;2/6/2025
39722218;5798ZR7C;sara1234;Philbert;9732067385;6/7/2024;9:40:00;registrado;Embarazo Medium;180;12/5/2024
M79E7P4S;7358DXJI;sara1234;Livia;9471592441;11/26/2024;16:26:00;registrado;Embarazo Medium;180;9/4/2024
1G010RA6;BF6EP31C;sara1234;Mara;2555942351;1/30/2025;10:26:00;registrado;Embarazo en Estudio;180;3/8/2025
FE7NCL4I;009I1D89;sara1234;Domenic;5389366320;4/7/2024;9:04:00;registrado;Embarazo Medium;180;4/21/2025
M6A6NJ22;R12RQI0O;sara1234;Halette;9872136209;2/28/2024;9:05:00;registrado;Embarazo Basic;150;3/1/2025
1TC1V3H1;4B8OCN4B;sara1234;Rosalinde;2711586047;10/20/2024;9:01:00;registrado;Embarazo Premium;250;9/20/2024
8SA16JW9;7O264SL7;sara1234;Cayla;1339471541;10/18/2024;15:05:00;registrado;Embarazo Basic;150;11/27/2024
29332L87;U9N1K8TC;sara1234;Hamish;4778622254;6/15/2024;12:54:00;registrado;Embarazo Premium;250;1/3/2025
X41GON9H;UE55496E;sara1234;Joleen;9003180967;6/13/2024;9:23:00;registrado;Embarazo Medium;180;9/13/2024
Y9S9KBDA;9IE9037D;sara1234;Stanwood;8835083860;9/3/2024;14:24:00;registrado;Embarazo Premium;250;5/2/2025
21HS5EPF;BY5L2VIX;sara1234;Marshall;3979290823;8/10/2024;16:12:00;registrado;Embarazo Medium;180;1/17/2025
F8994GT3;2558JI0E;sara1234;Georgie;3371233364;12/12/2024;10:34:00;registrado;Embarazo Medium;180;3/3/2025
EX4R86IG;412GZEPJ;sara1234;Welby;5336818860;6/5/2024;15:54:00;registrado;Embarazo Medium;180;11/13/2024
8E12UN77;ETFB2EKL;sara1234;Ermin;8786088738;4/25/2024;15:22:00;registrado;Embarazo en Estudio;180;5/6/2025
DHLT1NBZ;NY864819;sara1234;Honey;3022773119;12/15/2024;13:11:00;registrado;Embarazo Premium;250;4/5/2025
LGBOZ5B3;W5Q6CQ88;sara1234;Preston;7074442875;11/13/2024;13:08:00;registrado;Embarazo Medium;180;4/10/2025
6C063571;RN0L273Q;sara1234;Alvan;3742796551;1/30/2024;13:17:00;registrado;Embarazo Medium;180;6/15/2024
RNUI90S7;775N8U4V;sara1234;Wes;5375535820;1/18/2024;13:40:00;registrado;Embarazo Basic;150;6/28/2024
D1S2VWKB;A3Z671MG;sara1234;Joseph;3157544895;1/9/2024;11:46:00;registrado;Embarazo Premium;250;5/19/2025
31305QM5;M7NAA7EN;sara1234;Jerri;3303514030;8/18/2024;11:06:00;registrado;Embarazo Premium;250;5/9/2025
64B43KA0;CBA0NF5C;sara1234;Davine;3379127568;8/27/2024;12:11:00;registrado;Embarazo Medium;180;2/15/2025
4JUTU22P;K7ZI02L1;sara1234;Corabella;6559654637;10/25/2024;9:19:00;registrado;Embarazo Basic;150;1/29/2025
BKB98X3P;QFZ54T5J;sara1234;Sean;8207330497;12/4/2024;12:57:00;registrado;Embarazo en Estudio;180;4/19/2025
8G8MB88N;QV93A5X3;sara1234;Yolande;8333562569;1/15/2024;10:21:00;registrado;Embarazo Basic;150;1/16/2025
T0UQY94J;1X5C895V;sara1234;Daren;4007445351;1/18/2024;11:25:00;registrado;Embarazo Premium;250;7/4/2024
O1SHSSM5;UO591T2D;sara1234;Pen;8127876542;6/1/2024;13:27:00;registrado;Embarazo Basic;150;10/12/2024
2T882515;9OL3G2G1;sara1234;Tris;5236986015;3/9/2024;16:13:00;registrado;Embarazo en Estudio;180;12/26/2024
392C4G92;3M5P8451;sara1234;Beatrice;9739360108;4/27/2024;11:41:00;registrado;Embarazo Basic;150;6/9/2024
OT3FFB57;1GW139M7;sara1234;Roscoe;9549313272;4/12/2025;9:19:00;registrado;Embarazo Medium;180;7/17/2024
IQ1K4G25;JHA880MI;sara1234;Elissa;7153787771;1/20/2025;14:21:00;registrado;Embarazo en Estudio;180;9/9/2024
8XX56H05;ZTCO61TL;sara1234;Anthony;8092101773;12/4/2024;12:41:00;registrado;Embarazo Medium;180;12/28/2024
9T1RW50I;R6D5Y528;sara1234;Clare;8335804372;2/6/2025;13:59:00;registrado;Embarazo Basic;150;6/24/2024
EW5QK9IX;L030IJ47;sara1234;Ransom;2534397269;2/11/2024;11:51:00;registrado;Embarazo Medium;180;11/23/2024
AAOAD480;08919867;sara1234;Loydie;7598292075;1/3/2025;16:31:00;registrado;Embarazo en Estudio;180;5/30/2024
FP0H6E4Y;14391XAZ;sara1234;Leeanne;1287695100;5/5/2024;13:03:00;registrado;Embarazo Medium;180;2/16/2025
YOG6CZLQ;WO286S5T;sara1234;Philippine;9006670408;5/22/2024;14:19:00;registrado;Embarazo Premium;250;12/13/2024
FQ0053TN;8M2SWVNV;sara1234;Kailey;8657429095;2/16/2024;11:35:00;registrado;Embarazo Premium;250;11/7/2024
S9Y0P87E;65S4RRX2;sara1234;Lora;9802408863;1/28/2025;9:55:00;registrado;Embarazo Medium;180;1/21/2025
1MNZ94OF;I9C9Y2IC;sara1234;Winifred;9042385974;4/24/2024;13:30:00;registrado;Embarazo Basic;150;5/29/2024
5W293VD0;Y805G822;sara1234;Zorah;5792221235;1/28/2024;13:36:00;registrado;Embarazo Premium;250;6/15/2024
LF6U01HC;Y59LF4JG;sara1234;Jard;5094345344;4/1/2024;11:18:00;registrado;Embarazo Premium;250;3/20/2025
VFGCU074;Z730M779;sara1234;Rice;2415733510;1/12/2025;10:13:00;registrado;Embarazo en Estudio;180;1/5/2025
A792CTNL;069LWD52;sara1234;Ben;4484858342;2/8/2024;12:06:00;registrado;Embarazo Premium;250;12/24/2024
LE5M71Q0;EDWAP771;sara1234;Sibyl;7177196738;10/4/2024;15:15:00;registrado;Embarazo en Estudio;180;9/20/2024
1D53BE33;S4OZC8S2;sara1234;Lonni;7974691566;11/14/2024;11:16:00;registrado;Embarazo en Estudio;180;8/17/2024
S3L6C162;49RXS15Y;sara1234;Teri;6378254018;4/17/2025;13:25:00;registrado;Embarazo Basic;150;1/27/2025
9NT43742;V76756H3;sara1234;Micah;7953303230;1/10/2024;16:04:00;registrado;Embarazo Premium;250;3/5/2025
8U3Q2192;JUN7PN6J;sara1234;Cecilla;2431491736;1/26/2025;9:53:00;registrado;Embarazo Basic;150;1/29/2025
Y252BC7Y;0409635Y;sara1234;Nessy;3452591716;2/14/2025;9:05:00;registrado;Embarazo en Estudio;180;7/22/2024
XQV72GRM;P135T59P;sara1234;Kara;7992596703;11/23/2024;10:48:00;registrado;Embarazo Basic;150;9/8/2024
ZYW7092Q;245Y5YPL;sara1234;Leontyne;4931377645;12/12/2024;15:07:00;registrado;Embarazo en Estudio;180;4/26/2025
07607A61;GZLV8O3Q;sara1234;Rubia;8235548243;9/23/2024;16:42:00;registrado;Embarazo Medium;180;7/25/2024
S57861T1;AKO210C6;sara1234;Riley;8812387683;4/18/2024;16:50:00;registrado;Embarazo Basic;150;1/14/2025
66R0LNE6;J6FI2337;sara1234;Kimberli;7681284884;5/27/2024;12:35:00;registrado;Embarazo Medium;180;12/9/2024
Z2BC5IC0;DQETGNR8;sara1234;Loydie;5689277794;3/11/2024;12:33:00;registrado;Embarazo Medium;180;5/26/2024
42HE4OM4;AB9Q5D93;sara1234;Clari;8156820244;7/19/2024;16:56:00;registrado;Embarazo en Estudio;180;11/17/2024
8T53039P;0ZM8THP6;sara1234;Alverta;9426513070;7/29/2024;12:06:00;registrado;Embarazo Basic;150;11/22/2024
3FL24095;5U2PS88K;sara1234;Steffane;5368678769;10/5/2024;13:07:00;registrado;Embarazo Premium;250;5/4/2025
85QH15VZ;15VJ4046;sara1234;Ashla;6533557898;8/27/2024;15:35:00;registrado;Embarazo Medium;180;2/2/2025
H14E3CZV;N1N0NB5C;sara1234;Eleanore;8276128222;4/30/2025;12:53:00;registrado;Embarazo Basic;150;9/29/2024
R2FG8XF2;3MKU0LU9;sara1234;Axel;8663493938;12/16/2024;15:52:00;registrado;Embarazo Premium;250;7/3/2024
WRM65UI3;9P53G9WB;sara1234;Gisela;3389176503;1/23/2025;12:20:00;registrado;Embarazo Basic;150;4/10/2025
UBI32W2J;1Y39YJ11;sara1234;Alyosha;2758711132;1/10/2025;15:41:00;registrado;Embarazo Premium;250;3/2/2025
16Y449WI;4TKE5XDI;sara1234;Olin;6449203623;2/1/2024;9:23:00;registrado;Embarazo Medium;180;8/28/2024
98JK820D;D6E7RBFC;sara1234;Danit;8426479028;3/11/2024;14:03:00;registrado;Embarazo Premium;250;9/16/2024
CJ0X2I6A;WYJAQMY5;sara1234;Catrina;6299873926;1/22/2025;15:55:00;registrado;Embarazo Basic;150;5/18/2025
E4IW6116;K9F9A72I;sara1234;Cory;3061707390;7/7/2024;11:45:00;registrado;Embarazo Medium;180;3/24/2025
ANE8YT3B;90MW81SO;sara1234;Sheree;2002004700;8/5/2024;15:39:00;registrado;Embarazo Premium;250;6/26/2024
S809WV9U;47Y43409;sara1234;Kacy;6368196577;4/2/2024;16:16:00;registrado;Embarazo en Estudio;180;1/9/2025
4HT1M3RX;B670N684;sara1234;Gabriela;1408195210;3/26/2025;15:53:00;registrado;Embarazo Medium;180;5/3/2025
0ZA813HX;8Y842735;sara1234;Ellette;1626611066;2/8/2024;10:12:00;registrado;Embarazo Premium;250;10/25/2024
734SL3N2;L2122504;sara1234;Yoko;9214439546;9/17/2024;15:40:00;registrado;Embarazo en Estudio;180;12/9/2024
9PO7HRBE;1095FJQ0;sara1234;Arlyn;5081513253;9/2/2024;12:29:00;registrado;Embarazo Basic;150;9/18/2024
I4688IVT;QVNW5DW3;sara1234;Rois;2102972454;2/11/2024;10:27:00;registrado;Embarazo Medium;180;12/1/2024
423781HT;6250ZI5N;sara1234;Bari;4679286758;6/26/2024;10:15:00;registrado;Embarazo en Estudio;180;2/3/2025
H2797012;1K88V515;sara1234;Kathe;7101549812;2/21/2024;9:36:00;registrado;Embarazo Basic;150;1/10/2025
H7N8340S;IN2Q2361;sara1234;Trixy;5231637734;7/1/2024;13:10:00;registrado;Embarazo en Estudio;180;12/18/2024
8JSDA6S3;Q6T1VLQ7;sara1234;Betteann;4031114899;2/28/2024;13:54:00;registrado;Embarazo Medium;180;10/12/2024
8ZP0576N;4976E15C;sara1234;Brenden;6807463394;2/20/2024;15:39:00;registrado;Embarazo Basic;150;9/14/2024
LMHIWJ6N;069NUW36;sara1234;Aile;8398157203;3/8/2025;11:04:00;registrado;Embarazo Medium;180;4/14/2025
4L4Q7114;OZM32439;sara1234;Clint;5691253651;1/28/2024;11:57:00;registrado;Embarazo Medium;180;1/1/2025
91XBQG7Q;P98IHKI1;sara1234;Clarey;3421445883;9/4/2024;15:31:00;registrado;Embarazo Basic;150;7/5/2024
H3987PUA;PD69Y36U;sara1234;Janel;2081541667;12/2/2024;9:00:00;registrado;Embarazo Premium;250;3/25/2025
079IJ6FB;6UB29RIZ;sara1234;Cosette;2669937249;7/10/2024;11:23:00;registrado;Embarazo Premium;250;5/31/2024
65TE72V0;AI56LR7K;sara1234;Jolyn;6892482745;9/29/2024;12:51:00;registrado;Embarazo Basic;150;1/3/2025
VM3L705R;O7H9K9V4;sara1234;Kiri;7382651429;3/11/2024;11:25:00;registrado;Embarazo Basic;150;10/10/2024
Q538JR75;5I186NGF;sara1234;Kamila;5716086058;10/13/2024;12:53:00;registrado;Embarazo Medium;180;6/29/2024
WM709470;Q1J13W28;sara1234;Dania;7027017838;5/7/2024;14:51:00;registrado;Embarazo Medium;180;3/24/2025
168X25TV;FJVJ8W7X;sara1234;Sawyere;4089169827;2/19/2025;13:17:00;registrado;Embarazo Medium;180;2/17/2025
XEL5KQV4;G1X100QG;sara1234;Lana;8152151271;6/17/2024;12:29:00;registrado;Embarazo en Estudio;180;12/12/2024
HJM662HV;9657ZTS4;sara1234;Hilary;1447438714;1/5/2025;11:34:00;registrado;Embarazo Medium;180;8/27/2024
4S394KJE;5V2R0202;sara1234;Luca;1777908040;1/15/2024;11:19:00;registrado;Embarazo Basic;150;7/28/2024
93T9F94U;O77S6FR1;sara1234;Jeffry;2938901581;12/8/2024;15:13:00;registrado;Embarazo en Estudio;180;2/28/2025
0Q953QJM;38110UUK;sara1234;Jennica;5095554259;11/28/2024;14:30:00;registrado;Embarazo Premium;250;9/28/2024
ZZ0356PG;NPC4J335;sara1234;Flossie;3055959530;5/28/2024;16:56:00;registrado;Embarazo en Estudio;180;2/27/2025
351AMU39;2URXKB53;sara1234;Averyl;6422945181;1/5/2024;9:08:00;registrado;Embarazo Basic;150;3/26/2025
9DTNB9TZ;L162CX57;sara1234;Kenneth;5122423270;2/4/2024;9:52:00;registrado;Embarazo Premium;250;10/30/2024
4QYF06RS;H30AN086;sara1234;Shalna;8752071058;8/28/2024;16:38:00;registrado;Embarazo en Estudio;180;11/17/2024
K6O264ZT;2R6B2K7B;sara1234;Laurens;8851632681;8/26/2024;15:39:00;registrado;Embarazo Medium;180;5/23/2024
G694Z5DJ;B89W40AH;sara1234;Hazlett;8843163095;1/16/2024;11:33:00;registrado;Embarazo Basic;150;8/28/2024
M59KNT39;24L34XS2;sara1234;Bernadene;5154533285;3/30/2024;11:29:00;registrado;Embarazo en Estudio;180;5/19/2025
SR279Y93;66P09PL8;sara1234;Jillayne;9541411313;11/20/2024;16:44:00;registrado;Embarazo Medium;180;11/3/2024
854L79W4;3DZ13F78;sara1234;Drucy;4165422923;5/2/2025;10:33:00;registrado;Embarazo Basic;150;9/6/2024
9J7X8534;W61GHBCQ;sara1234;Tam;7236672412;1/3/2024;12:08:00;registrado;Embarazo Premium;250;10/15/2024
FFM668V0;J509901B;sara1234;Tore;3845563425;2/21/2024;12:35:00;registrado;Embarazo Medium;180;11/16/2024
JSDJCHOR;L9SCFA8R;sara1234;Abra;6482550707;11/14/2024;11:51:00;registrado;Embarazo en Estudio;180;6/15/2024
0792BD48;7O8A77V6;sara1234;Gerri;4991011837;12/9/2024;15:31:00;registrado;Embarazo Medium;180;11/14/2024
85UI8TZR;9Q2GS9KP;sara1234;Vi;9095546559;2/15/2025;14:48:00;registrado;Embarazo Medium;180;8/24/2024
HO138R6W;B1FT3BDC;sara1234;Cordelie;3574336251;6/29/2024;11:55:00;registrado;Embarazo Basic;150;4/25/2025
QF35D7U8;8U09038V;sara1234;Alick;5494697467;10/19/2024;10:18:00;registrado;Embarazo Premium;250;11/18/2024
4S79RL9I;QBMP92N9;sara1234;Brunhilde;1409405172;7/23/2024;14:18:00;registrado;Embarazo Basic;150;7/5/2024
QTSKK9SM;6548VR60;sara1234;Brianna;8815247107;4/15/2025;15:03:00;registrado;Embarazo en Estudio;180;7/6/2024
P1LB19V9;3JSOXUL0;sara1234;Roana;3043496167;8/30/2024;10:40:00;registrado;Embarazo Basic;150;12/26/2024
O314H8ZS;QPI3QVKN;sara1234;Erik;5032097958;1/16/2024;10:51:00;registrado;Embarazo Basic;150;4/15/2025
ON8BN9D5;15SUDNT1;sara1234;Allister;5975050813;6/27/2024;16:24:00;registrado;Embarazo Medium;180;1/12/2025
B5X99WVK;X539QLKW;sara1234;Joli;5171554154;4/22/2025;16:17:00;registrado;Embarazo Basic;150;12/9/2024
69541B75;8J0I82N1;sara1234;Bellanca;4342531679;7/29/2024;11:38:00;registrado;Embarazo Premium;250;8/30/2024
Q98Q42M7;73DC9RO7;sara1234;Trev;2159933758;9/16/2024;16:22:00;registrado;Embarazo Basic;150;8/13/2024
A2460UL1;254L53F3;sara1234;Gregor;5194985103;5/27/2024;12:43:00;registrado;Embarazo en Estudio;180;5/6/2025
T704WK6S;59U74PV0;sara1234;Lauryn;5776381368;11/13/2024;12:20:00;registrado;Embarazo Medium;180;10/10/2024
TH8G9IIO;2NSJBRRR;sara1234;Nichols;5715536511;10/19/2024;13:15:00;registrado;Embarazo Premium;250;12/30/2024
Y111SB96;H187SHB7;sara1234;Court;8135685375;2/9/2025;9:54:00;registrado;Embarazo Premium;250;2/3/2025
BCEMV4WD;1W23ZF19;sara1234;Isidore;2819442323;1/3/2024;14:24:00;registrado;Embarazo en Estudio;180;12/10/2024
OOBYV72S;8H67VQ5A;sara1234;Thekla;4578783256;2/20/2024;11:30:00;registrado;Embarazo Basic;150;6/14/2024
A82KTB4L;1627A79W;sara1234;Burk;6859681483;5/4/2024;10:56:00;registrado;Embarazo Premium;250;4/4/2025
18BLAZ25;VH6J0Y70;sara1234;Gregorius;3784117438;3/12/2024;16:24:00;registrado;Embarazo en Estudio;180;9/13/2024
TW4DUM23;TFTU3021;sara1234;Karlyn;6271979211;11/19/2024;16:00:00;registrado;Embarazo en Estudio;180;9/28/2024
631PAZ2J;7LWM56CH;sara1234;Natty;2726294961;4/28/2025;11:49:00;registrado;Embarazo en Estudio;180;12/18/2024
8LD8L21Z;BQH826I5;sara1234;Karlan;8131865019;3/11/2025;10:05:00;registrado;Embarazo Premium;250;10/12/2024
5BJLA87R;25PGQ988;sara1234;Maximilien;3437011086;3/27/2025;16:16:00;registrado;Embarazo en Estudio;180;6/22/2024
48R20EIY;2X41HPPG;sara1234;Neile;3405966298;10/3/2024;11:03:00;registrado;Embarazo Medium;180;9/8/2024
C92Z873C;B1904SO0;sara1234;Dall;8204409927;7/6/2024;15:13:00;registrado;Embarazo Basic;150;3/13/2025
HI49A8I3;32S697YB;sara1234;Eada;5767525899;2/4/2025;9:59:00;registrado;Embarazo Medium;180;11/11/2024
UN553499;9MR7M9SO;sara1234;Floyd;7803653729;3/2/2024;15:09:00;registrado;Embarazo Basic;150;4/10/2025
067H614S;0144ER93;sara1234;Lilla;5462659610;2/18/2025;14:27:00;registrado;Embarazo Basic;150;6/27/2024
VWT59788;D869L4DA;sara1234;Reube;6183749303;12/2/2024;10:11:00;registrado;Embarazo Basic;150;3/11/2025
87RX5993;9PNVU14H;sara1234;Dew;6256975023;6/11/2024;14:30:00;registrado;Embarazo Basic;150;4/18/2025
761D86N8;2M9339KK;sara1234;Daron;8584484312;1/29/2025;12:25:00;registrado;Embarazo Basic;150;3/5/2025
QKR65450;X2441116;sara1234;Corbie;3469154792;1/13/2024;15:33:00;registrado;Embarazo Medium;180;1/15/2025
FQQ24LDP;V5P30G4U;sara1234;Helge;3799190044;10/24/2024;13:01:00;registrado;Embarazo Premium;250;12/28/2024
1K884561;I8L528AR;sara1234;Jojo;3777855160;2/20/2025;13:44:00;registrado;Embarazo en Estudio;180;11/24/2024
54YJA1RA;4AM2J56A;sara1234;Enoch;4975873658;1/2/2025;15:55:00;registrado;Embarazo Basic;150;11/27/2024
69V14P8Y;1BB6139W;sara1234;Cletus;4705096695;12/23/2024;11:48:00;registrado;Embarazo Medium;180;10/8/2024
D4I9Q5N1;63326Y45;sara1234;Gene;4472831808;3/10/2025;15:20:00;registrado;Embarazo Medium;180;7/17/2024
8J3OV5GN;SLRUB0WM;sara1234;Delano;9281632025;10/11/2024;13:48:00;registrado;Embarazo Basic;150;8/21/2024
4K7GAKKH;H6URHH8R;sara1234;Vere;5624622445;3/1/2024;11:01:00;registrado;Embarazo Premium;250;11/9/2024
67K83954;72320W4D;sara1234;Wang;7209209267;1/23/2024;13:35:00;registrado;Embarazo Basic;150;9/30/2024
FDP234H9;4OJO6GXF;sara1234;Shandie;4746388287;12/29/2024;13:18:00;registrado;Embarazo Premium;250;2/13/2025
3P47N2U5;3KH85K38;sara1234;Dag;4182935494;4/20/2025;12:37:00;registrado;Embarazo en Estudio;180;2/21/2025
0E76M747;VX4995MP;sara1234;Glynn;3673628045;9/30/2024;15:01:00;registrado;Embarazo en Estudio;180;2/23/2025
NI8VIKVC;021X42UK;sara1234;Dannie;6805307992;10/5/2024;15:58:00;registrado;Embarazo Medium;180;2/15/2025
197Z6S6Z;688R00A8;sara1234;Keary;3714422866;4/23/2024;10:07:00;registrado;Embarazo Basic;150;9/20/2024
00677M20;43SG636F;sara1234;Ann;6146068685;7/15/2024;14:34:00;registrado;Embarazo Basic;150;1/21/2025
DRJPRJ1S;B74FEA96;sara1234;Herbert;1748998171;2/23/2025;10:37:00;registrado;Embarazo Medium;180;7/25/2024
7H0C6UX1;5YF3N8CF;sara1234;Barbee;4996957579;4/13/2025;14:57:00;registrado;Embarazo Basic;150;2/7/2025
D9MNPDRP;426374VT;sara1234;Ardella;8275467475;10/21/2024;14:42:00;registrado;Embarazo Premium;250;6/13/2024
3ABH4MN1;6HE7MP9A;sara1234;Zak;7395349556;12/12/2024;11:38:00;registrado;Embarazo en Estudio;180;6/13/2024
J42X37CB;PU94820I;sara1234;Lizzie;2831077108;6/30/2024;10:22:00;registrado;Embarazo Premium;250;5/10/2025
0BY36998;4434737Q;sara1234;Yorker;3102602939;1/21/2025;14:10:00;registrado;Embarazo Medium;180;1/20/2025
U8RE0I13;8FKV6237;sara1234;Lavena;3967790320;4/27/2025;13:05:00;registrado;Embarazo Basic;150;5/7/2025
6E48823C;61DN2025;sara1234;Patience;3747212542;2/12/2025;10:34:00;registrado;Embarazo Basic;150;3/16/2025
1FM5CPB0;J5BD9A2M;sara1234;Justinn;8576135995;5/9/2025;14:55:00;registrado;Embarazo Premium;250;11/29/2024
N7KQFRVV;P98C15OY;sara1234;Rab;4637443369;2/19/2024;15:21:00;registrado;Embarazo en Estudio;180;6/9/2024
6VHHQZ89;U594Z3FB;sara1234;Bren;5768485440;5/25/2024;14:39:00;registrado;Embarazo en Estudio;180;9/28/2024
8OHITWI1;SJR84ET4;sara1234;Yardley;9152948231;11/14/2024;12:21:00;registrado;Embarazo Basic;150;8/4/2024
FAM6Y1R3;0Q56NT7N;sara1234;Jillene;9091812786;3/6/2025;9:45:00;registrado;Embarazo Premium;250;12/20/2024
013H6495;7L895BZ1;sara1234;Zandra;3417442790;8/7/2024;9:18:00;registrado;Embarazo Basic;150;7/3/2024
TC297Z96;45562797;sara1234;Olwen;9638219105;3/25/2025;12:10:00;registrado;Embarazo Basic;150;1/8/2025
9U69XW41;TH4Y17PP;sara1234;Courtnay;7417430615;3/24/2024;12:14:00;registrado;Embarazo Basic;150;2/27/2025
1III80QI;781H3H5A;sara1234;Marietta;2846573228;3/8/2025;12:52:00;registrado;Embarazo Basic;150;10/17/2024
SIPHB260;14303X0G;sara1234;Ricard;2754983092;5/4/2025;9:59:00;registrado;Embarazo en Estudio;180;8/4/2024
968306Z1;91QVKLC2;sara1234;Millie;9016269526;3/5/2025;13:09:00;registrado;Embarazo en Estudio;180;7/17/2024
53504G9B;616QXBPJ;sara1234;Bria;6095254076;3/26/2025;13:07:00;registrado;Embarazo Basic;150;9/20/2024
PAZYC30U;Z00VQM13;sara1234;Eustacia;3206437243;7/7/2024;9:10:00;registrado;Embarazo en Estudio;180;1/18/2025
V3DMQGVR;3BNR04I6;sara1234;Cyril;2682791880;9/30/2024;13:17:00;registrado;Embarazo Medium;180;2/10/2025
A892B267;2JV9O0MU;sara1234;Simmonds;9244980629;3/13/2024;9:52:00;registrado;Embarazo Medium;180;1/12/2025
66CXG6W4;4AK02I62;sara1234;Thor;9026532564;11/1/2024;14:51:00;registrado;Embarazo en Estudio;180;5/10/2025
JH8C2743;12UQB3D5;sara1234;Gwyneth;8759946183;1/17/2025;11:16:00;registrado;Embarazo Medium;180;5/23/2024
CN70H0R8;1VQICX2J;sara1234;Tomi;5888887189;11/18/2024;14:44:00;registrado;Embarazo Premium;250;12/20/2024
AG0653GC;T451T0TM;sara1234;Tanny;7901223421;6/23/2024;13:38:00;registrado;Embarazo en Estudio;180;3/19/2025
50111ZHP;K4679W0O;sara1234;Smitty;2094030380;3/12/2025;15:28:00;registrado;Embarazo Medium;180;12/8/2024
U6CTG6OQ;R61AQ7A7;sara1234;Lewiss;2169907554;9/2/2024;14:49:00;registrado;Embarazo en Estudio;180;7/14/2024
Y2H21QL1;W9F5708F;sara1234;Jolie;6221290087;5/19/2025;10:29:00;registrado;Embarazo en Estudio;180;7/17/2024
QOGHJTN1;IDKLH69J;sara1234;Brewer;9516558267;3/7/2025;16:11:00;registrado;Embarazo Medium;180;2/28/2025
KUWD97O1;0242G453;sara1234;Vincent;4212933249;3/30/2025;14:06:00;registrado;Embarazo Basic;150;9/23/2024
51914DZ4;7RCE7FPK;sara1234;Georgianna;5824475097;2/6/2024;14:17:00;registrado;Embarazo Medium;180;4/19/2025
39A1SU4L;4051O50I;sara1234;Hirsch;7994756803;1/11/2025;16:48:00;registrado;Embarazo Premium;250;10/16/2024
Q8S3GC5E;2R81NQQY;sara1234;Bettye;2678604668;2/22/2024;16:04:00;registrado;Embarazo Premium;250;8/24/2024
O6Y1FRAP;87M919Q1;sara1234;Cleon;6354327570;10/10/2024;10:23:00;registrado;Embarazo Basic;150;3/9/2025
J65FZM63;4N6STOZ4;sara1234;Venita;5765031710;3/12/2024;13:16:00;registrado;Embarazo Basic;150;11/25/2024
12XTQ1E1;151XP3WP;sara1234;Olly;2204626566;2/19/2024;12:07:00;registrado;Embarazo Premium;250;8/21/2024
0HO1P206;VL46S50V;sara1234;Travus;1968691146;12/2/2024;14:58:00;registrado;Embarazo Basic;150;10/13/2024
562816I9;K40066GX;sara1234;Lyssa;7469465295;9/16/2024;15:25:00;registrado;Embarazo Basic;150;11/7/2024
D813Q4IO;905F7068;sara1234;Caty;2316739692;6/22/2024;14:05:00;registrado;Embarazo Medium;180;5/15/2025
8PE6284W;0F4S5V26;sara1234;Taddeusz;4768874711;2/1/2025;11:46:00;registrado;Embarazo Basic;150;2/1/2025
OYHH3B8H;5IZJM93Y;sara1234;Modesty;5695179349;3/30/2025;16:17:00;registrado;Embarazo Basic;150;6/12/2024
6I698QM0;W0B90TX5;sara1234;Normie;6718619968;12/29/2024;16:08:00;registrado;Embarazo Premium;250;8/1/2024
89RUTE4Q;5M895YSX;sara1234;Rosabelle;2242943854;2/14/2024;13:44:00;registrado;Embarazo Basic;150;4/16/2025
WZK43V54;IB55GAKD;sara1234;Kennett;4969629514;2/27/2024;11:10:00;registrado;Embarazo Premium;250;9/13/2024
4ETOM9BZ;1HHM3NI0;sara1234;Olive;7177931604;12/2/2024;15:49:00;registrado;Embarazo Basic;150;7/14/2024
835ZCGS2;R4432HBJ;sara1234;Murvyn;7234205549;1/21/2025;12:58:00;registrado;Embarazo en Estudio;180;3/24/2025
4C3BTF68;1NFVF213;sara1234;Carlin;9612492410;2/5/2024;10:57:00;registrado;Embarazo Premium;250;12/11/2024
P5K8PADN;4B36G2S0;sara1234;Christabel;5609997791;8/7/2024;13:40:00;registrado;Embarazo en Estudio;180;1/17/2025
W41E1701;5ONKNY67;sara1234;Horatia;1714649357;1/26/2024;11:31:00;registrado;Embarazo en Estudio;180;5/27/2024
A5VKW2TJ;OS234P36;sara1234;Wren;9178156652;2/2/2024;11:16:00;registrado;Embarazo en Estudio;180;6/25/2024
2GDVMR67;IK8VN8B0;sara1234;Fayette;2979257573;4/18/2024;15:15:00;registrado;Embarazo en Estudio;180;12/11/2024
86D6N480;02FV996N;sara1234;Corey;1416249982;3/19/2024;15:08:00;registrado;Embarazo Medium;180;9/6/2024
39LAJR4U;72HT30M6;sara1234;Clea;8824432574;1/22/2024;15:41:00;registrado;Embarazo Medium;180;10/22/2024
6QYQ34E9;VW3SLJI5;sara1234;Ebba;2904509295;5/25/2024;11:10:00;registrado;Embarazo Medium;180;2/10/2025
W0P26165;6Z787781;sara1234;Aguistin;8714160335;12/11/2024;12:39:00;registrado;Embarazo Premium;250;5/4/2025
4BWR2Q67;5HTGR4KI;sara1234;Allison;2811825528;5/1/2025;10:45:00;registrado;Embarazo Premium;250;8/12/2024
3WXTI21D;500NBK44;sara1234;Bessy;7404215839;3/6/2025;11:50:00;registrado;Embarazo Basic;150;1/27/2025
41HP750K;6C8T4OVS;sara1234;Maurise;1553584218;12/23/2024;10:22:00;registrado;Embarazo en Estudio;180;8/19/2024
62WZ3B2F;3086V8F5;sara1234;Isac;3283200121;1/26/2025;13:02:00;registrado;Embarazo Premium;250;5/8/2025
SDG74V00;77S746G8;sara1234;Dewey;7618073032;1/10/2025;12:58:00;registrado;Embarazo Premium;250;5/25/2024
J8RCTC7B;UK0Z8YC7;sara1234;Deirdre;8557799885;1/21/2024;12:25:00;registrado;Embarazo Basic;150;7/19/2024
46YW0PE6;K8T1U755;sara1234;Wilburt;1091281180;4/30/2025;14:08:00;registrado;Embarazo Premium;250;2/27/2025
56Z7T031;42YA3UR3;sara1234;Brendin;1151728935;2/28/2024;14:06:00;registrado;Embarazo en Estudio;180;7/10/2024
87HEM3OR;F5VJ2630;sara1234;Janka;8667269092;4/17/2024;11:38:00;registrado;Embarazo Premium;250;5/1/2025
922G95XQ;LFC7H0E2;sara1234;Larry;8954449484;4/8/2024;14:25:00;registrado;Embarazo en Estudio;180;2/28/2025
4GV02O29;X7962XF8;sara1234;Esme;1001647826;10/12/2024;10:10:00;registrado;Embarazo Medium;180;1/3/2025
N0B1OSOY;W405JT6M;sara1234;Faustina;7896630681;1/12/2025;9:24:00;registrado;Embarazo Premium;250;6/13/2024
VKL42B6J;96IVGRPV;sara1234;Lynnette;3127670764;10/17/2024;15:32:00;registrado;Embarazo Medium;180;7/4/2024
FAY3YO97;B64HQ46J;sara1234;Christie;5631617361;4/14/2024;13:40:00;registrado;Embarazo Premium;250;9/26/2024
Z96G9U18;59FL4069;sara1234;Cordell;3558809183;6/22/2024;11:15:00;registrado;Embarazo Medium;180;3/28/2025
7T0X793R;27JHC0C1;sara1234;Tim;5732647266;3/19/2024;10:03:00;registrado;Embarazo Premium;250;11/13/2024
RMB3NE0P;2H352814;sara1234;Jyoti;6512734962;1/3/2024;12:48:00;registrado;Embarazo Basic;150;12/11/2024
82BJ1M88;AXFZ875E;sara1234;Teressa;5187183354;3/15/2024;10:48:00;registrado;Embarazo en Estudio;180;7/25/2024
6858B6P0;963HWX00;sara1234;Kort;3453579498;9/17/2024;11:28:00;registrado;Embarazo en Estudio;180;8/25/2024
IA483D1X;4S3G452D;sara1234;Kasper;1409783821;5/2/2025;16:03:00;registrado;Embarazo Medium;180;8/18/2024
XFS4SP1D;592W93R2;sara1234;Marylynne;1445926192;1/22/2024;9:46:00;registrado;Embarazo Basic;150;6/14/2024
KI80LLOV;0MV49703;sara1234;Charin;2759225403;2/12/2025;9:30:00;registrado;Embarazo en Estudio;180;1/1/2025
9KV85I03;9N850LE5;sara1234;Wain;8925892390;1/2/2025;9:14:00;registrado;Embarazo Premium;250;6/1/2024
FO6YFCFX;4RYE81EM;sara1234;Dorie;3062399765;2/28/2024;12:25:00;registrado;Embarazo Medium;180;3/14/2025
7004SXB3;6X69JLU6;sara1234;Berne;1677710493;9/21/2024;10:01:00;registrado;Embarazo Medium;180;6/26/2024
V05W9V8G;40QS97LZ;sara1234;Gearalt;6334151635;1/6/2024;11:09:00;registrado;Embarazo Basic;150;9/3/2024
D4A19H3O;8O552E52;sara1234;Munmro;5845499090;5/14/2024;12:04:00;registrado;Embarazo en Estudio;180;5/24/2024
38HW96Z4;GZ81YTS3;sara1234;Ofelia;8145436264;1/31/2024;11:12:00;registrado;Embarazo en Estudio;180;7/13/2024
75NMB8P7;Y68S202S;sara1234;Tish;2871026968;6/30/2024;12:18:00;registrado;Embarazo Premium;250;3/21/2025
DZQEODO6;62R75HUG;sara1234;Kirby;2344481644;10/20/2024;16:20:00;registrado;Embarazo Premium;250;3/3/2025
OW3708ST;63K7580B;sara1234;Culley;3321566195;4/19/2024;12:13:00;registrado;Embarazo Premium;250;4/30/2025
R952CM75;3L00SE5X;sara1234;Godiva;9749652482;2/25/2025;11:17:00;registrado;Embarazo Basic;150;5/8/2025
BT297CT6;C3BA9060;sara1234;Lizzy;3566158080;12/2/2024;13:52:00;registrado;Embarazo Premium;250;12/3/2024
P7V9X7ZI;PB9W58WD;sara1234;Iago;1618401350;6/29/2024;12:49:00;registrado;Embarazo Basic;150;8/3/2024
T0ARZI42;MJ4YH48Y;sara1234;Bronnie;4391940931;12/7/2024;11:14:00;registrado;Embarazo Premium;250;12/2/2024
N9JW2I94;BX41XX55;sara1234;Naoma;8009988220;8/10/2024;12:54:00;registrado;Embarazo Basic;150;12/6/2024
NXB6Q745;W7V16AR7;sara1234;Brianna;4547718566;10/11/2024;12:19:00;registrado;Embarazo Premium;250;9/3/2024
RV9D1B8R;2F499TL5;sara1234;Pembroke;3046269650;1/22/2024;12:55:00;registrado;Embarazo Basic;150;4/9/2025
D2O1AI6Y;9H2G4T0B;sara1234;Eduard;1919443427;11/3/2024;14:13:00;registrado;Embarazo Premium;250;7/3/2024
Y7K3R7AZ;V0C869TX;sara1234;Jeffry;4413511497;5/10/2024;10:17:00;registrado;Embarazo Premium;250;10/7/2024
19JQ8IT8;FSPO45I1;sara1234;Sherye;9896919607;1/19/2025;15:40:00;registrado;Embarazo en Estudio;180;9/9/2024
D44BA890;B7ACJVG8;sara1234;Zack;1304604048;5/8/2025;10:11:00;registrado;Embarazo Medium;180;6/27/2024
49OJTPWN;11KE1BC2;sara1234;Alvan;8769788592;1/15/2024;16:09:00;registrado;Embarazo Medium;180;3/28/2025
Z69810HT;FT150O3N;sara1234;Far;3521858031;9/28/2024;16:55:00;registrado;Embarazo Premium;250;6/23/2024
2029X9K5;Z8YG30V2;sara1234;Rollo;8507617503;7/19/2024;13:32:00;registrado;Embarazo Premium;250;3/26/2025
EIYM87S7;T96YWF17;sara1234;Willow;2185464727;2/2/2025;10:34:00;registrado;Embarazo Basic;150;8/7/2024
5C9FNWE8;84597PG2;sara1234;Jarib;2684143535;7/21/2024;11:18:00;registrado;Embarazo en Estudio;180;10/13/2024
RN563R39;5R15UG19;sara1234;Cissy;1011476046;10/21/2024;9:18:00;registrado;Embarazo Premium;250;3/8/2025
A191YQ0C;AB35FX00;sara1234;Allin;3782414986;2/12/2024;15:12:00;registrado;Embarazo Medium;180;8/20/2024
07P43F5Q;KNR1007R;sara1234;Ichabod;1491677510;1/2/2024;10:31:00;registrado;Embarazo en Estudio;180;7/14/2024
3I63PUB7;TT48BJ80;sara1234;Reeta;2783639760;3/20/2024;10:24:00;registrado;Embarazo en Estudio;180;8/18/2024
8U37CK74;HNC3YT8O;sara1234;Niels;3702209291;2/25/2025;16:12:00;registrado;Embarazo Basic;150;1/24/2025
7RQ88Q32;EJO1H882;sara1234;Andrew;3364139962;12/28/2024;15:18:00;registrado;Embarazo en Estudio;180;11/11/2024
1Q4I23G7;EC59EXBO;sara1234;Orran;9223311712;3/16/2024;10:56:00;registrado;Embarazo Premium;250;1/14/2025
41M44U5L;9Z8O5VDU;sara1234;Pepi;3245446142;5/11/2025;10:57:00;registrado;Embarazo Medium;180;5/19/2025
UY4VN5OY;N6ZH379R;sara1234;Cherey;9843893259;9/16/2024;9:29:00;registrado;Embarazo en Estudio;180;2/2/2025
16N32VB5;2Y92S483;sara1234;Salvador;3488882488;1/30/2025;14:23:00;registrado;Embarazo Premium;250;7/4/2024
M9DAA5R3;7CWG3JQ2;sara1234;Lizzy;8929531774;5/11/2025;12:34:00;registrado;Embarazo Medium;180;4/27/2025
9QASF097;UQ05K647;sara1234;Charla;2395091507;9/24/2024;13:35:00;registrado;Embarazo en Estudio;180;9/21/2024
5GI85I26;Y5752FUW;sara1234;Cathee;4904287003;8/7/2024;10:42:00;registrado;Embarazo Basic;150;8/3/2024
ISP112DL;9R6829V3;sara1234;Vinnie;1031077448;8/29/2024;16:22:00;registrado;Embarazo Medium;180;11/11/2024
17P772YJ;RQUA74Z1;sara1234;Liv;1048842622;3/13/2024;9:18:00;registrado;Embarazo en Estudio;180;9/8/2024
NN8YM6RZ;RSM1L181;sara1234;Gusta;8654132803;8/3/2024;13:38:00;registrado;Embarazo Basic;150;9/19/2024
ZN8871SV;6577CM4I;sara1234;Sebastiano;7054122170;11/6/2024;15:51:00;registrado;Embarazo Medium;180;9/27/2024
6JW98GNL;PZY8C6F1;sara1234;Clayborn;1773700152;7/6/2024;12:12:00;registrado;Embarazo en Estudio;180;10/16/2024
RJ34TA25;14MHY6FC;sara1234;Hyacintha;8849570225;4/15/2025;13:52:00;registrado;Embarazo Medium;180;4/29/2025
52F7E3P5;O5450YND;sara1234;Hillyer;2639199019;3/29/2025;14:48:00;registrado;Embarazo Basic;150;9/24/2024
C5NX2QZD;4525198I;sara1234;Sheeree;4539515115;3/28/2025;11:01:00;registrado;Embarazo en Estudio;180;1/18/2025
FYM0G11Y;G2KG7303;sara1234;Christian;5983729194;4/27/2025;11:31:00;registrado;Embarazo Medium;180;10/29/2024
41IWRE97;9UMF60IQ;sara1234;Merle;3211498073;11/11/2024;12:04:00;registrado;Embarazo en Estudio;180;7/31/2024
G4A4QW31;MKJ5J0F5;sara1234;Stephani;7444853875;6/17/2024;16:25:00;registrado;Embarazo Medium;180;12/16/2024
X4AIWSGS;Y884VWI7;sara1234;Zane;1509381945;1/27/2024;15:58:00;registrado;Embarazo Premium;250;5/25/2024
103C92V8;54PT5421;sara1234;Arvin;1051016757;2/17/2025;10:12:00;registrado;Embarazo Premium;250;9/22/2024
BKM59441;BD789476;sara1234;Mercie;1378405384;5/14/2025;12:18:00;registrado;Embarazo Premium;250;1/2/2025
1GP6X20H;Y4QXPK5S;sara1234;Granny;7218425602;11/13/2024;16:28:00;registrado;Embarazo en Estudio;180;12/30/2024
3KC0800K;91IV910D;sara1234;Fredek;5474529800;1/18/2025;15:20:00;registrado;Embarazo en Estudio;180;6/7/2024
NT11092R;RPCGA9C8;sara1234;Wileen;9797927922;11/8/2024;16:18:00;registrado;Embarazo Medium;180;5/1/2025
MS5QZ88A;6199CIM7;sara1234;Borden;3774248810;5/16/2024;11:36:00;registrado;Embarazo Basic;150;5/5/2025
C52ITBRQ;0GJ09IR0;sara1234;Chloris;8853311463;11/26/2024;9:41:00;registrado;Embarazo Basic;150;2/15/2025
2F7UU146;KQ24J3FA;sara1234;Adelaida;5976216357;2/7/2024;14:21:00;registrado;Embarazo Premium;250;3/4/2025
2SGY1745;4IEFG892;sara1234;Noellyn;8228837418;8/26/2024;10:51:00;registrado;Embarazo Basic;150;2/24/2025
59NM816Y;79IIR4XB;sara1234;Georgiana;5895183636;4/20/2024;12:01:00;registrado;Embarazo Medium;180;9/29/2024
7T0N0T95;OF11M571;sara1234;Isis;8242477119;2/8/2024;9:59:00;registrado;Embarazo Medium;180;9/15/2024
A40XO7KJ;16460474;sara1234;Pieter;2393470788;5/19/2024;12:10:00;registrado;Embarazo Premium;250;3/8/2025
ZI05Q1T3;184YFWL9;sara1234;Clyve;6534884153;5/13/2025;12:31:00;registrado;Embarazo Basic;150;1/7/2025
M1KME229;3RE6IA8I;sara1234;Stephana;6323180227;2/27/2024;9:26:00;registrado;Embarazo Basic;150;8/22/2024
PI0S38Q4;OT0D9WV2;sara1234;Viole;3586847461;6/22/2024;12:04:00;registrado;Embarazo Premium;250;5/9/2025
XTS52YGI;JFPUQA0R;sara1234;Wileen;2697939578;7/22/2024;9:30:00;registrado;Embarazo en Estudio;180;4/16/2025
LR565272;0893D8BP;sara1234;Alicea;7335650033;7/6/2024;9:40:00;registrado;Embarazo Medium;180;7/2/2024
3L59WUAI;5001DGK4;sara1234;Beverie;8568542962;12/31/2024;15:35:00;registrado;Embarazo Basic;150;10/24/2024
XHD8X8PT;051W3N91;sara1234;Jilly;9872457290;10/26/2024;16:50:00;registrado;Embarazo Basic;150;11/23/2024
MOM6T26Q;W6IHP46F;sara1234;Matelda;8635685039;2/9/2024;11:27:00;registrado;Embarazo Premium;250;8/8/2024
5477M426;34GTDJP9;sara1234;Kevan;9791602700;12/22/2024;13:20:00;registrado;Embarazo Basic;150;7/24/2024
7GZ3L51D;69N3X066;sara1234;Aarika;1512167454;3/4/2024;15:30:00;registrado;Embarazo Basic;150;10/1/2024
IZ0B7ON3;382P633F;sara1234;Maryl;9043474949;7/18/2024;16:55:00;registrado;Embarazo Medium;180;3/25/2025
8LFL13L1;NSDIS71G;sara1234;Rupert;7938750891;2/5/2025;16:01:00;registrado;Embarazo Premium;250;6/4/2024
D8B140L1;S64FF97K;sara1234;Stefanie;6722612934;6/14/2024;9:07:00;registrado;Embarazo en Estudio;180;1/24/2025
983N0X76;89WS9VGU;sara1234;Binky;4172582133;10/7/2024;11:27:00;registrado;Embarazo Medium;180;9/12/2024
9A9M10G8;I7JT47YX;sara1234;Callida;3801753339;2/25/2024;12:44:00;registrado;Embarazo Basic;150;1/16/2025
67473FH7;5LY69UI5;sara1234;Avrom;9247590235;4/19/2025;9:15:00;registrado;Embarazo Premium;250;10/27/2024
4ED4W8U6;0V225JQW;sara1234;Valma;4116175838;9/6/2024;11:36:00;registrado;Embarazo Premium;250;1/22/2025
228SKS6H;1W916B7Y;sara1234;Isaac;1441353172;7/16/2024;9:20:00;registrado;Embarazo en Estudio;180;11/25/2024
V75MI4A3;SK0L5FEU;sara1234;Constantino;5678063445;2/6/2024;10:08:00;registrado;Embarazo en Estudio;180;12/26/2024
V7T8U85X;0SQ32XF6;sara1234;Vin;9816002287;2/5/2024;12:51:00;registrado;Embarazo Medium;180;6/21/2024
934IKV9A;4614I405;sara1234;Corbet;3795479179;2/27/2024;13:38:00;registrado;Embarazo Premium;250;11/23/2024
OQ5GX5S7;O0788N3Q;sara1234;Leonid;1801321705;2/19/2025;14:15:00;registrado;Embarazo Premium;250;4/25/2025
F32Z9SS5;J0CD1J7N;sara1234;Arlene;1474637923;8/23/2024;10:28:00;registrado;Embarazo Medium;180;1/10/2025
ES44E8Q9;9SC60K49;sara1234;Lynnell;5726263251;12/18/2024;12:33:00;registrado;Embarazo Basic;150;1/30/2025
9TZ5M5VC;M5GBNSXB;sara1234;Steve;1423660196;11/12/2024;13:07:00;registrado;Embarazo Medium;180;7/18/2024
FGF702GQ;329P0W80;sara1234;Trisha;6122909994;1/19/2024;16:22:00;registrado;Embarazo Basic;150;11/1/2024
MA6NYYZ7;76R5AW86;sara1234;Jennifer;6432217903;3/18/2024;10:34:00;registrado;Embarazo Medium;180;5/1/2025
5QZ014P8;8MBXU73M;sara1234;Emmy;4797101184;4/21/2024;11:53:00;registrado;Embarazo en Estudio;180;8/15/2024
97Q6K4A3;HEM063LC;sara1234;Gannie;9369911199;8/16/2024;13:45:00;registrado;Embarazo Premium;250;9/25/2024
KL4F8IS9;GRQZ3MGC;sara1234;Gunter;3167537374;10/2/2024;16:52:00;registrado;Embarazo en Estudio;180;3/6/2025
BP809C93;80S55K6C;sara1234;Shurlock;7793410902;3/11/2025;15:29:00;registrado;Embarazo en Estudio;180;8/4/2024
U1H8E85J;7WA7RD7D;sara1234;Mose;9468681288;5/20/2024;13:32:00;registrado;Embarazo Basic;150;1/23/2025
